{"cameraMode":{"drawMode":0,"name":"Shaded","section":"Shading Mode"},"sceneLighting":false,"audioPlay":false,"sceneViewState":{"showFog":true,"showMaterialUpdate":false,"showSkybox":false,"showFlares":true,"showImageEffects":true,"showParticleSystems":true},"in2DMode":false,"pivot":{"x":145.48727416992188,"y":15.666604042053223,"z":-19.694456100463868},"rotation":{"x":-0.028382478281855584,"y":0.7528797388076782,"z":0.032537370920181277,"w":0.6567403674125671},"size":143.8976287841797,"orthographic":false}